[
  {
    "id": "c49fe12c-a993-4de2-ab87-a939575fdde5",
    "data": [
      {
        "text": "ask mathematics tables",
        "userDefined": false
      }
    ],
    "isTemplate": false,
    "count": 0,
    "lang": "en",
    "updated": 0
  },
  {
    "id": "4b52c935-a595-4f0f-8ea3-4298fafdeb6d",
    "data": [
      {
        "text": "tables above ",
        "userDefined": false
      },
      {
        "text": "5",
        "meta": "@sys.number",
        "alias": "fromtable",
        "userDefined": false
      },
      {
        "text": " and below ",
        "userDefined": false
      },
      {
        "text": "12",
        "meta": "@sys.number",
        "alias": "uptotable",
        "userDefined": false
      }
    ],
    "isTemplate": false,
    "count": 0,
    "lang": "en",
    "updated": 0
  },
  {
    "id": "472f26d3-24b4-488b-9c0f-113290af1591",
    "data": [
      {
        "text": "tables from ",
        "userDefined": false
      },
      {
        "text": "5",
        "meta": "@sys.number",
        "alias": "fromtable",
        "userDefined": true
      },
      {
        "text": " to ",
        "userDefined": false
      },
      {
        "text": "15",
        "meta": "@sys.number",
        "alias": "uptotable",
        "userDefined": true
      }
    ],
    "isTemplate": false,
    "count": 0,
    "lang": "en",
    "updated": 0
  },
  {
    "id": "01f15491-40cc-4af0-905d-63cc24c65e75",
    "data": [
      {
        "text": "tables between ",
        "userDefined": false
      },
      {
        "text": "5",
        "meta": "@sys.number",
        "alias": "fromtable",
        "userDefined": false
      },
      {
        "text": " and ",
        "userDefined": false
      },
      {
        "text": "15",
        "meta": "@sys.number",
        "alias": "uptotable",
        "userDefined": false
      }
    ],
    "isTemplate": false,
    "count": 0,
    "lang": "en",
    "updated": 0
  },
  {
    "id": "27c08ac1-4fe3-41ae-a579-3e2718b351db",
    "data": [
      {
        "text": "ask me tables upto ",
        "userDefined": false
      },
      {
        "text": "10",
        "meta": "@sys.number",
        "alias": "uptotable",
        "userDefined": false
      }
    ],
    "isTemplate": false,
    "count": 0,
    "lang": "en",
    "updated": 0
  },
  {
    "id": "281faa8a-2351-4c9d-959d-aff2d4062ff8",
    "data": [
      {
        "text": "ask math tables",
        "userDefined": false
      }
    ],
    "isTemplate": false,
    "count": 0,
    "lang": "en",
    "updated": 0
  }
]