[
  {
    "id": "847d1aa2-708f-481a-a7a4-f97081d1c226",
    "data": [
      {
        "text": "i don\u0027t know",
        "userDefined": false
      }
    ],
    "isTemplate": false,
    "count": 0,
    "lang": "en",
    "updated": 0
  },
  {
    "id": "cc80ff95-8bc8-4a29-9c10-87a90b70acde",
    "data": [
      {
        "text": "don\u0027t know answer",
        "userDefined": false
      }
    ],
    "isTemplate": false,
    "count": 0,
    "lang": "en",
    "updated": 0
  },
  {
    "id": "5f28c8cd-0c53-4096-a9bb-fc1bc75bfcdc",
    "data": [
      {
        "text": "goto",
        "meta": "@sys.ignore",
        "userDefined": false
      },
      {
        "text": " next ",
        "userDefined": false
      },
      {
        "text": "one",
        "meta": "@sys.ignore",
        "userDefined": false
      }
    ],
    "isTemplate": false,
    "count": 0,
    "lang": "en",
    "updated": 0
  },
  {
    "id": "027403cf-5bce-44a9-b2c6-fbc9cb965cac",
    "data": [
      {
        "text": "alright",
        "userDefined": false
      }
    ],
    "isTemplate": false,
    "count": 1,
    "lang": "en",
    "updated": 0
  },
  {
    "id": "6c90e8ac-f327-4d8e-b3b0-cd435ddd4e7e",
    "data": [
      {
        "text": "fine",
        "userDefined": false
      }
    ],
    "isTemplate": false,
    "count": 0,
    "lang": "en",
    "updated": 0
  },
  {
    "id": "06bcd17c-70c2-4470-922e-b0bc9448f318",
    "data": [
      {
        "text": "confirm",
        "userDefined": false
      }
    ],
    "isTemplate": false,
    "count": 0,
    "lang": "en",
    "updated": 0
  },
  {
    "id": "8cd64603-c455-4c5d-87a8-5eb3a09a9156",
    "data": [
      {
        "text": "yes",
        "userDefined": false
      }
    ],
    "isTemplate": false,
    "count": 0,
    "lang": "en",
    "updated": 0
  },
  {
    "id": "d00b4e3a-0775-4a68-9c10-7a3868f240a8",
    "data": [
      {
        "text": "ok",
        "userDefined": false
      }
    ],
    "isTemplate": false,
    "count": 0,
    "lang": "en",
    "updated": 0
  }
]